js_div,kstest_pval
0.026316182238450163,0.013895078580996808
0.030721734234484377,0.02502705208940002
0.06209213890500722,8.728156868840658e-18
0.05525312559691518,1.1764459177196278e-12
0.023648407061977537,0.14560526284156095
0.04857875534232419,5.675704007418411e-10
0.03807132552152449,0.003128274330390933
0.02948597962556675,0.0012891612130020026
0.056787998201100344,2.851056886332104e-20
0.0401830995915623,4.479825853070429e-05
0.037128144479019305,2.4420033146326954e-07
0.05962609521533133,2.845030141470212e-21
0.03417692482370368,0.004791727838863333
0.03608711715394247,0.0002823496251209436
0.023899200470630818,0.03323613278589885
0.023294286805556112,0.03729346358240447
0.019730746884182807,0.15316030358516336
0.028910704547926946,0.07489819313251138
0.02461077449532602,0.18779245125038954
0.029111508581890887,0.0024114034047803823
0.02307525872651219,0.12669425034849965
0.025652195353485775,0.1480960179124131
0.03663213846233694,3.2362746277092726e-06
0.03534609980935359,6.0724165464402715e-05
0.02270293475399678,0.19631650493750674
0.028576048969933522,4.055854740395008e-07
0.03759118852943405,0.00011913715069398261
0.027858976105634876,0.03308458941519131
0.04230949522844034,0.04748864231634807
0.03850921505717604,1.352128977042651e-05
0.029421728032387396,0.01063498382096476
0.04086158175818797,0.032988765718608856
0.04595805996336021,2.5344308492239095e-09
0.03972047854612236,0.005027227578217166
0.02286455608690987,0.050441412263778206
0.04897095446726646,0.00025627689223750545
0.023235451199680558,0.015790702553752353
0.04166580675601095,1.158295238104853e-09
0.02216811096489703,0.22328237794129446
0.02903642063816315,0.08143142763340712
0.0450059520249567,0.00017288154965336677
0.04613719222339927,0.0002462525430891789
0.04295692527969891,3.2341677316222697e-08
0.03144681668143314,0.004589894192351723
0.022522832772857843,0.014238302909692135
0.027662750926904,0.20064986676427
0.03239645273832327,0.0055973261228661675
0.03615492740958533,0.03328824460188643
0.022248916794941915,0.29801601938159966
0.03172295685157573,0.0044176377741692915
