kl_div,sj_div
0.06437834392537468,0.015545552802184573
0.07810388115562202,0.01792492252303399
0.06911079973326907,0.019613766433599363
0.04942111835574316,0.013254917600732635
0.05332303753500071,0.015110953469674712
0.06018089278324573,0.016986429609174424
0.17946240356712057,0.035862354859138246
0.177658599404201,0.035132947949818125
