js_div,kstest_pval
0.08495344858874646,1.8366246650451207e-06
0.09641531591560096,1.8791330320755446e-05
0.08074957343166655,1.0670874149126552e-09
0.09045395548747139,6.162323159627789e-06
0.08834629664194231,3.382447221441143e-07
0.08205360032161697,2.8169543443277593e-06
0.10565805547898095,2.1331125641959912e-89
0.09142348842617862,2.2380175305953434e-08
0.08663525373176026,1.179007877993954e-08
0.08655623678616971,1.4062749918678953e-09
