kl_div,kstest_pval
11.953584603432024,0.0828183538609544
79.99721662347154,0.022300588193608185
348.9531635536773,7.91225778772647e-13
195.6886635871728,0.004972150218250123
8.38369420878249,0.09187688176201451
560.8378597829454,0.00014569552075962517
717.5354750630073,0.14520681779841857
38.48737695656272,0.049563361390235386
62.40208007257728,0.004111906273440701
3.5841618474458614,0.018407514837361225
4.577844588172228,0.008853771312729084
15.657811886544355,0.0661891511359312
647.3918763590597,0.010492481121328376
0.8969836524467019,0.07897408030251132
5.265606213544222,0.01476725609827111
34.79821249428017,0.034118380458586284
3181.612528773736,0.0020133666741282068
2359.4606982658197,0.034255012650521444
28.560526379375283,0.0664480993277564
1.7178580417183364,0.00014951160631352596
283.9506380154165,0.009672438748287248
3.632532934799498,0.0039474398418796785
2.686086325347286,0.10454202999096249
9.718408597256735,0.13900122577290622
180.332332608958,0.021984918104652244
0.9603894784177347,0.011600212096454206
377.7647649610072,0.2175477796506166
9803.721702267774,0.00027084660268748134
9.760041574361292,1.900751811681148e-11
5397.886300679436,0.0025638009730200233
0.806243984344607,0.09661430890325269
66.59357108191713,6.004808861305345e-06
1.0955088464887401,0.004224156352997789
168.43813987491916,1.3265561586228101e-06
547.0166509419621,0.14954663093814619
125.72632711631823,0.004102849137969189
1.6376740451113967,0.009679406666526622
12.15723487447588,0.017976066859698013
1611.4612714335094,0.07366004393637754
479.073398215368,0.06498785989784217
187.39687741625443,0.0007584039273893338
1039.6820197260743,0.018626622668200272
4534.195245957728,1.904709023654383e-18
0.6072108445861046,0.09348946708193513
80961.38397772597,8.336039445333882e-05
575.8557733549721,0.004734831768466975
7.96401786887556,0.001084988195578768
5.218339759701222,0.01222202082717579
1917.6746806598778,0.12366539910847411
771.0862251067335,1.286774369562867e-10
