js_div,kstest_pval
0.00012290135435598165,0.4527030958591991
0.0001355093877697765,0.4527030958591991
0.00014251439645894304,0.5088563920098784
7.092577787737992e-05,0.871603897510949
0.00016845291466686618,0.752563439302985
0.00014475861709685494,0.9615222666168057
0.028114279547917453,7.953855799912387e-10
0.027360786416491832,7.697677553836494e-23
