js_div,kstest_pval
0.04883554332665356,0.0
0.055866906173901595,0.0
0.05971015708169823,0.0
0.057208327841135206,0.0
0.043007891166784856,0.0
0.04061213527777038,0.0
0.04393422731350384,0.0
0.050353039179482084,0.0
0.038033245264218536,0.0
0.043365609035107486,0.0
