js_div,kstest_pval
0.020078983063989482,1.562179289254737e-34
0.022589654545063568,4.985758942997295e-41
0.021975855135607836,4.231256316691274e-33
0.029981361221918426,9.708357325124881e-83
0.016777819270246182,2.600382232676067e-32
0.036415263577897594,1.452298546896931e-36
0.011147504279761602,2.456498435685194e-07
0.011394877380999608,1.56570013394362e-05
