kl_div,kstest_pval
21.541002477748798,0.0
29.09227332470967,0.0
13.15452294798036,0.0
9.061495559949304,0.0
5.432196766134018,0.0
16.297872143591068,0.0
4.630431707076781,0.0
4.3819434772804815,0.0
5.928269989082358,0.0
9.706118189964931,0.0
