js_div,kstest_pval
0.0014774585923050235,0.48172349228388356
0.00028139668044824875,0.9020130728308697
0.012757427981940312,0.02222787419234843
0.0007764681497370571,0.9310668688382069
0.0031803761994132324,0.6060515374860568
0.010936930497381387,0.05648834664214812
0.0032018206648628082,0.8029813027189856
0.0017165044682497525,0.834028596542763
0.01170688344635839,0.22232422534511337
0.0027286952143553618,0.8375627473077693
0.007166651862741227,0.1498363343801304
0.001722829278671061,0.7701328270625153
0.0003870595480115998,0.8940014159766723
0.005141023763135816,0.26128613470030654
0.0008388791792403486,0.9708205445947395
0.002626008850562248,0.37753909199127306
0.0005864829025816569,0.7126965164436505
0.00039672299078614796,0.9483159679593435
0.005573800594966945,0.2044095588720109
0.004839220200124822,0.21894566003086294
0.0004969936058170316,0.9239917160801401
0.0014921916456753334,0.6427054033373981
0.0035619285893557966,0.4121072308788928
0.004649498243999372,0.33071497239303466
0.0011061504905378497,0.5833488502090419
0.0022757929389546046,0.4986682645465475
0.002339109284077224,0.8235341687797959
0.0003843311085424617,0.8587142835194677
0.004982795005527552,0.619859834279171
0.0017406534188018456,0.7748465031705825
0.0009277898377162887,0.9655740310659151
0.004554077775558159,0.3223999456582049
0.004426850406764505,0.23345998427727216
0.002937085364205851,0.7412383412736826
0.0011154652809467016,0.5522668908155972
0.0024754537539911216,0.572259838149551
0.00466340834642353,0.17371576679483017
0.005652908368240252,0.5079163781021648
0.0009770327150908178,0.8336053435137742
0.010921502958402558,0.11505914395153845
0.007313610988191999,0.33681055763832146
0.0017742041473624043,0.6461648107784672
0.004506967248694593,0.3539827448249303
0.006641240875507712,0.5008985001484516
0.001705150291464018,0.6469488112808269
0.0038950714742090387,0.23571362954963834
0.004047561682589835,0.5256480414812827
0.0029384863533996755,0.5885964315748706
0.0009267607384078407,0.7808929349207099
0.0006974925294451182,0.6783983610791935
