js_div,kstest_pval
0.03013969269424068,0.0015217401143476144
0.03391834730814452,0.0015253292466282007
0.03205526452574485,0.006687694326548311
0.04627495854317168,0.009391629399539508
0.028052211116150777,0.02567583741415382
0.029538855841911637,0.019896870344242396
0.036895885867660294,1.5776322137111758e-05
0.035772676733482396,3.3136280060290165e-06
