kl_div,kstest_pval
2220.8798999690275,6.838876861876016e-149
6472.718334332783,6.838876861876016e-149
6178.042893015252,4.725582056477317e-137
4090.8239324985075,1.038826204811813e-136
239.48594359132528,2.8097892002045135e-133
7200.202345743127,6.838876861876016e-149
16200.50433938582,3.811098727902573e-128
4378.025395507685,6.838876861876016e-149
2225.275644064841,1.1777872542693248e-129
99.6660419387787,1.1000284792694304e-127
262.7211253146107,3.7348444030787805e-132
198.07963102078304,1.829950814028192e-134
53393.11947877122,6.838876861876016e-149
318.28659768019486,1.829950814028192e-134
518.6352526356197,6.194370481010995e-125
3000.015196819798,6.838876861876016e-149
116354.58875777152,6.838876861876016e-149
242219.97769630997,6.838876861876016e-149
10917.941048786177,6.838876861876016e-149
213.62924972531565,7.063232301940072e-120
33110.45488366887,6.838876861876016e-149
153.51955152793798,1.1777872542693248e-129
896.9384905955245,6.838876861876016e-149
417.9774322436807,1.1777872542693248e-129
33265.61195643267,6.838876861876016e-149
206.7295072536889,1.829950814028192e-134
9427.206128647551,6.838876861876016e-149
199236.1924939563,6.838876861876016e-149
311.294214596126,2.88949764896603e-110
206555.38787584577,6.838876861876016e-149
185.65597747032587,6.023925406119116e-130
1397.317469176057,1.7763366249453785e-106
90.09638705318085,8.985220798502727e-131
3276.0233064101817,1.73664750811712e-146
23038.994331039474,6.838876861876016e-149
6257.890781606333,6.838876861876016e-149
191.9076818691257,2.0086217186143074e-126
1102.3767726643446,2.987249164226905e-127
52528.96013082045,1.3980642216139527e-146
31055.767853587447,6.838876861876016e-149
7142.3804387553055,1.73664750811712e-146
22793.869419801107,6.838876861876016e-149
16598.035983686044,8.302192890982322e-123
40.84495323616153,3.9973614398874644e-114
3716726.5217010076,6.838876861876016e-149
44589.03140991669,6.838876861876016e-149
220.8005832616299,1.829950814028192e-134
204.40767870411383,1.653363535181194e-138
36010.3018086833,6.838876861876016e-149
18625.09544357349,6.838876861876016e-149
