kl_div,kstest_pval
1.8768467078308368,3.01345424248309e-142
1.3898594340059087,1.1130132128658859e-139
0.6061725407014957,3.4613466279601584e-164
0.5807824028782559,2.1158010073928147e-161
0.512706854715292,6.406137889622932e-134
1.7955764508981837,1.737306160711205e-136
0.5167084054430069,4.9509102170854523e-147
1.228713785885613,2.032567247725321e-173
1.3591732950173854,3.608185082475728e-136
1.0574658060564701,9.060059923539974e-137
0.5068235715638589,6.5710509818241846e-136
0.5412503529575675,5.092493481736961e-135
0.34878647565304594,8.170292454880613e-147
0.5442784776746828,1.4405449258548672e-132
0.5875024278643587,5.784764770264979e-133
0.5020427756403457,2.803443882083472e-134
0.7997069769894508,1.343939025569813e-142
0.47363461951955993,9.951161309820393e-160
0.39395073868918434,2.84193416858797e-132
0.5184614320344509,2.930972221159815e-146
0.8184098822492183,5.3206713379066124e-129
1.9468622784101766,2.8513022465659396e-130
0.7845854473514213,5.4223246086212515e-134
1.0133789613396176,1.2373642852546172e-132
0.7068766760611648,6.264104704016718e-143
0.4648533359238236,1.36730671769804e-158
0.9892332226102679,2.6230284813466474e-133
0.6498557976575015,3.103531520275174e-132
0.7581294514197768,1.3424708687596703e-135
0.24629709623004117,2.7345976397426405e-132
