kl_div,sj_div
0.005605790139289892,0.0013590978410032031
0.0030504473875950376,0.0007918991553687541
0.004724450822707389,0.0012053597940350075
0.004761558747506299,0.001198697942471397
0.0021383679457618,0.0005410631445323126
0.002438053453170774,0.0006129376868646419
0.02546643192308149,0.005152090590439541
0.020606609129165288,0.004257962359080784
