js_div,kstest_pval
0.003921940136719176,0.0828183538609544
0.010465417962641775,0.022300588193608185
0.0009583567126334288,7.91225778772647e-13
0.009551009763307217,0.004972150218250123
0.00863694697348579,0.09187688176201451
0.0051289152887303326,0.00014569552075962517
0.00500590397092186,0.14520681779841857
0.0006433020222140579,0.049563361390235386
0.006019118652599827,0.004111906273440701
0.0027638514678120455,0.018407514837361225
0.0015097217890686894,0.008853771312729084
0.04023158129533074,0.0661891511359312
0.0017712011867868614,0.010492481121328376
9.467073137480478e-05,0.07897408030251132
0.0009475821249957442,0.01476725609827111
0.004801999678364024,0.034118380458586284
0.013754780135582146,0.0020133666741282068
0.006162606811201595,0.034255012650521444
0.0005543545209753502,0.0664480993277564
0.0006529558946549789,0.00014951160631352596
0.004391175364691679,0.009672438748287248
0.0022213752282519116,0.0039474398418796785
0.0014684089390377608,0.10454202999096249
0.0020052172479229427,0.13900122577290622
0.005905689965558684,0.021984918104652244
0.0006319056712374636,0.011600212096454206
0.00523974367481731,0.2175477796506166
0.00802647914625577,0.00027084660268748134
0.003474688142056758,1.900751811681148e-11
0.007077184292297538,0.0025638009730200233
0.00021028261644592702,0.09661430890325269
0.0075016029329871975,6.004808861305345e-06
0.0005390846544722044,0.004224156352997789
0.004894310089112141,1.3265561586228101e-06
0.0054536688944114824,0.14954663093814619
0.0022993596024821596,0.004102849137969189
0.0007451463781027591,0.009679406666526622
0.00035905843417235355,0.017976066859698013
0.0027627488520592667,0.07366004393637754
0.004985912526267367,0.06498785989784217
0.0027536833555687422,0.0007584039273893338
0.007486891154978579,0.018626622668200272
0.020125550244940223,1.904709023654383e-18
0.0015920004195238556,0.09348946708193513
0.009629709899691774,8.336039445333882e-05
0.002253390485261214,0.004734831768466975
0.0047619730325284635,0.001084988195578768
0.005072000512250112,0.01222202082717579
0.011787224135915052,0.12366539910847411
0.014721847575115934,1.286774369562867e-10
