kl_div,kstest_pval
1.5497322019029602,7.519125680842631e-10
1.0531172464490433,0.000695167157676517
0.5162808889966468,0.0004254621289638995
0.4376265626733472,0.052157977957804656
0.8585210881006805,0.00019456965325495402
1.3808910417035256,8.335049853922347e-05
1.5569098447460226,3.4993052346393664e-68
1.7325367548337873,4.64123530095166e-72
