kl_div,kstest_pval
0.20854622843467965,0.674095750773105
0.22907480848416548,0.5676702804510932
0.06017321290844644,0.8109652030866528
0.041211284072632734,0.4141817000140219
0.161141618821063,0.6499379110394776
1.5612470589727672,0.24669147934117772
0.09595527435770726,0.6206114861760175
0.1896847044496377,0.311116513115045
