js_div,kstest_pval
0.005784445615040393,1.895519845716796e-07
0.007056056320878793,2.168462065161668e-22
0.10969443860385196,9.179537144815832e-18
0.0936926411877966,9.973278368038867e-44
0.08847227948702431,1.466061332667998e-29
0.09514640777324027,3.5044984886643124e-83
0.0546418712520938,1.4739902827030536e-30
0.04577342896640776,8.827317515033996e-57
0.058922287573283584,8.249642827652783e-40
0.03953783088603227,9.560916370287168e-07
0.06379822741544712,1.2749097789150438e-08
0.052497587560322426,8.700451620923795e-72
0.04071216710688326,1.4127919576563167e-11
0.018759737582029215,0.0003387884196046668
0.12633020397529676,1.3038041635807736e-34
0.0047595622630293355,2.908049867645599e-09
0.004041385490660609,5.795982869257301e-10
0.005466382348599112,8.709638953822957e-10
0.012459810881696218,3.459377489431482e-05
0.04379172825814744,1.3127805959809175e-28
0.006290111899207981,1.8083658993237486e-26
0.016137426174441638,2.690784138908961e-49
0.046781904066160195,4.6272379304314e-06
0.057051302688230596,3.4708478908804998e-96
0.004615060313854543,4.280901413429778e-20
0.01518848522861502,1.0858145863876556e-17
0.025974489665867507,2.5909058424407685e-47
0.017526536759757915,2.257987312402272e-05
0.03561876282151772,2.1366609917556983e-27
0.02158743983380684,3.398632922312145e-43
0.07467591606037309,1.5756399950089743e-09
0.05782232554007079,7.247923614601013e-29
0.03555495449906168,3.3732697018468846e-53
0.035217365212623246,1.1536913078188765e-74
0.019103217743119665,2.8380164373326303e-09
0.03538671572985006,7.139250944381036e-19
0.10798183004821317,3.490386787398257e-07
0.024512152260334347,1.0850324091652831e-16
0.10325144382235253,8.966466732843066e-56
0.06040964849231357,1.7484438396088837e-19
0.019248913350309368,1.056523910523194e-22
0.04459368389271308,2.600399300948454e-21
0.07615488667009335,1.1852872896367552e-21
0.03878653004046478,3.41266114644613e-26
0.004862742961720673,3.64925261582836e-11
0.09351328255851554,2.9336564380283852e-15
0.010089179731968451,0.004705458619306372
0.0871114471234535,5.517237563892311e-32
0.024663232407936993,7.7393176778394375e-62
0.021239665306998032,5.961811249995737e-25
