js_div,kstest_pval
0.020078983063989482,0.0
0.022589654545063568,0.0
0.021975855135607836,0.0
0.029981361221918426,0.0
0.016777819270246182,0.0
0.036415263577897594,0.0
0.011147504279761602,0.0
0.011394877380999608,0.0
