kl_div,kstest_pval
13.456114119007559,8.613315475926792e-44
13.377973561219244,3.2698234152929283e-11
4.6753052222559015,0.00016560661168990711
5.665736386736514,0.00024691371434213473
6.22880458904701,3.9410352219702535e-29
8.312058819223184,2.1141595510705685e-12
4.998600371720527,3.184515548337246e-19
5.335213429772646,1.5133564798493154e-24
5.270378364218832,3.092336982629181e-11
5.725942233773794,2.2758880174697805e-21
6.020159788178087,7.029858192192725e-15
6.155407453808069,8.807573840996552e-33
1.7210501552860584,3.1883231006921994e-09
5.195503960957665,4.397255304621562e-11
5.101723146792572,4.629600452547186e-27
5.558759718469574,3.1351614184356336e-15
5.735763693045966,1.297013283948675e-17
5.92786133877134,6.940395142328976e-20
5.603185564577008,6.493597859571484e-12
3.355525509134027,3.532520108746781e-12
13.09634842492562,2.389227434143331e-23
9.081118724781698,3.213363250620739e-08
5.613135993422488,1.667182453730298e-34
5.245451075377207,5.758671204805448e-25
10.403171227757028,1.3568974296171717e-18
4.892105240125021,2.976285452262413e-26
5.610709019037778,1.8696778005375436e-30
9.18292349536448,2.1043508621976203e-22
2.855644440272378,9.076678080701136e-07
3.057526135701231,5.094545400379085e-05
