kl_div,sj_div
0.06865999729680668,0.018480139709318687
0.10221871102368413,0.030047459960200407
0.10064059322524845,0.023105294715693742
0.10350217068189842,0.03013802117300257
0.0899891100458477,0.023660545342768256
0.10860083970344618,0.03208180212946852
0.10725085116535521,0.03126860121475066
0.09825036989454168,0.0248569591993418
0.08548077764070112,0.022996038111063568
0.0744651275639445,0.01816767748502084
