kl_div,kstest_pval
0.8264806115688014,0.0018895093349760076
1.6539503859267555,1.2563071247732323e-08
2.497565580573423,1.594433780571078e-23
0.2690734094927187,9.264607980806786e-09
0.6206035201348933,1.4573798880861816e-05
1.096420908249145,4.682660227985436e-05
1.563626608345754,2.3529618391175834e-74
1.7687829440749656,1.5257298064431975e-105
