kl_div,kstest_pval
22.103153615824606,0.0
25.841645511267263,0.0
9.66743552056184,0.0
5.244238607817502,0.0
5.9917514264730185,0.0
16.126916362110045,0.0
,0.0
,0.0
,0.0
,0.0
