kl_div,kstest_pval
,1.8366246650451207e-06
,1.8791330320755446e-05
,1.0670874149126552e-09
,6.162323159627789e-06
,3.382447221441143e-07
,2.8169543443277593e-06
,2.1331125641959912e-89
,2.2380175305953434e-08
,1.179007877993954e-08
,1.4062749918678953e-09
