js_div,kstest_pval
0.0832084944757169,0.0001240925469933349
0.08172622865958994,0.00018461454213817394
0.0825539271786209,0.00012441697046740294
0.07865315668239649,2.062905551352886e-05
0.08554623586521451,9.807268957629725e-05
0.0818030256202588,9.29331221844646e-05
0.08026050262220866,3.1862072978142193e-05
0.0806569715765756,3.3749950517932233e-06
0.08473244365964919,0.00015286182941318284
0.09170151341307684,3.4637255050809025e-05
