kl_div,sj_div
0.055895946888498034,0.013464176316134592
0.07481983784109397,0.017103931562147266
0.07272431590754627,0.020935277684174677
0.05180229244977375,0.014374218611983106
0.04228482276519898,0.011503909009018376
0.05900197202817581,0.016866869959609485
0.2253602854489647,0.047767158855646065
0.20792903594590265,0.044418711581253774
