js_div,kstest_pval
0.0691602480493376,0.0
0.07680285697258081,0.0
0.08925886399652228,0.0
0.08734578481211236,0.0
0.06951107959463733,0.0
0.12060611199490238,0.0
0.1990332446444354,0.0
0.11801920662056538,0.0
0.19577108706539498,0.0
0.08850898040204058,0.0
