kl_div,sj_div
0.13697013242524467,0.03943240844883667
0.11434155464122084,0.03023029565538993
0.11060405163756483,0.02924749615096926
0.10627964739000904,0.025896546555722034
0.09441623599231391,0.023712851805328942
0.11935336997132197,0.033202704832798004
0.11536732923673758,0.030106187300579925
0.11408105773650146,0.02966520134195149
0.11441277534807943,0.029322809557188235
0.0481267308445972,0.012931255354456855
