js_div,kstest_pval
0.0006158473175443169,0.21428106082304046
0.0004121947087360817,0.4968630252851667
0.0007402663553902445,0.00785901640573793
0.0006643825380550151,0.05439765834503389
0.0010700992925342938,0.016676873035661004
0.0012938341180643098,0.0803355504632021
0.03034864971411392,3.6115726403747616e-12
0.028336674651208,7.513508248491923e-20
