js_div,kstest_pval
0.0004651726738054503,0.23076434695913256
0.000518606869293778,0.278999580726
0.000227909187939341,0.5201002455560824
0.0003101454588655663,0.3443430684593919
0.0003592260909935402,0.257300561027592
0.0020573705680641294,0.12351673978752642
0.0025457938160898795,0.011570033847290046
0.004210948792378962,0.0004099072812024518
