kl_div,sj_div
0.026515863922610024,0.006179284592494779
0.002762712311215425,0.0006887234036426808
0.027914095741328953,0.007595587918190263
0.0028948442215984403,0.0007204121888151668
0.003445301851354486,0.0008926481648200237
0.07173119164180072,0.01992321678432097
0.019957227135271812,0.004386294169877867
0.037120732940139387,0.007173077376201331
