js_div,kstest_pval
0.011360238803698146,0.04547386498682367
0.006853263501207209,0.09024099612189437
0.0026232050160151575,0.4659164054772865
0.0070017439014681965,1.7532243349633007e-09
0.005086424178850358,0.22379345638488224
0.005129681109403673,0.34371616351001794
0.0058874841953404245,0.3460244839559719
0.004903572850008285,0.04419453402245597
0.02520045113086051,1.1995744286453936e-18
0.005503360537893329,0.006123939614731757
0.005195258995326395,0.216901732228269
0.012013557430572839,0.028102301639727222
0.001745484865260084,0.3801223057908203
0.0013830863681614726,0.3319331410302306
0.0006414840495143652,0.6842718369463183
0.015392964826385728,1.0954951500912156e-13
0.01135639731542667,7.558841108404642e-24
0.006536715575657034,0.4000018974600052
0.001219576991552027,0.7007628447371566
0.005008916216159719,3.209352131321907e-13
0.0064122660094621834,0.0003275824188152713
0.008846785036246235,1.244384207572125e-14
0.0037766076626121843,0.014678875894830024
0.0002614683437618062,0.8538498185219814
0.004853307356998059,0.0019652496124525653
0.00390999493838305,0.07347245276461614
0.007592446038845247,0.15974174272850966
0.014090212245678085,2.078255274863115e-07
0.004137159245825214,0.1848883864314887
0.013393171824529673,0.004460463521035749
0.004005884370026612,0.022796895147889927
0.005766216988441626,0.17234970432004393
0.006923212592697828,0.0030531073547475376
0.0024183172133199872,0.441580295024323
0.0045195163779619945,0.0051043791131064505
0.0035587658209529976,0.04266268883628672
0.002046427496250215,0.6297851992709982
0.002170394910498515,0.003109959123748286
0.007626662741972964,0.27389713461649917
0.0032871215431594355,0.015937617154889082
0.0046867625926224985,3.2332578599011396e-05
0.010950029786971138,0.08233596287904808
0.0038617634257023087,0.6857725164461834
0.005298334526238465,0.0007950028541919271
0.011056801091585336,5.854426599977799e-18
0.007463331915806111,1.3238296781775691e-09
0.005037991074041968,0.4152743699219038
0.009109302349672051,1.4589639530330196e-11
0.01278689212811306,0.00023461904734459654
0.006843605658662336,3.570501099985608e-07
