js_div,kstest_pval
0.0004651726738054503,0.674095750773105
0.000518606869293778,0.5676702804510932
0.000227909187939341,0.8109652030866528
0.0003101454588655663,0.4141817000140219
0.0003592260909935402,0.6499379110394776
0.0020573705680641294,0.24669147934117772
0.0025457938160898795,0.6206114861760175
0.004210948792378962,0.311116513115045
