kl_div,kstest_pval
40.460832598716884,5.610488845952682e-06
255.9758575774575,1.940869867124612e-05
3110.583635749971,0.016632277918967382
1395.3805275775703,2.858180377712513e-11
16.451678474321973,2.637367006144987e-06
1638.4659703368743,1.1540721844577922e-20
5258.173859974439,1.1793293253222193e-08
433.7512666763324,1.6283430226728985e-09
567.867072989917,1.012324626257827e-06
22.065784079453387,0.06951321161301252
42.99893087383982,0.0006859553910661954
14.758684205183162,0.003038256821796012
5862.463663615293,4.9799319103188066e-06
12.183177997775243,0.10122682068361019
38.07496028858675,0.0001414782525194971
26.406436577173633,0.007293477032070164
1670.5364538304482,0.032720956101355926
4571.16240561316,4.011377030300035e-06
787.9951704497569,3.1023945849858817e-10
39.17424527543276,0.17601281356552517
978.6676723046006,3.896323033479019e-05
23.946891439199057,9.466181309899064e-05
51.67823792781816,2.0731636186704614e-10
71.39374874295137,0.00018864275327214975
409.3074083792047,1.224837087440081e-05
7.378071987784355,0.09735741562560023
1352.0157622517906,2.75111035633691e-08
4358.3992163193525,0.0006982939828004208
123.1497374037222,9.96621694436922e-10
16519.890407928706,0.0028333171735482345
18.446639855738567,4.668237527399768e-07
211.84129597947208,0.002845249650694748
11.139690451180982,0.019543885369141943
633.419437969245,2.410618579776304e-06
420.2971327413089,0.20254917067910944
1902.73426618595,0.0004365542626845775
19.341299237710494,0.00086254697136137
416.7818579224298,3.980266344385856e-12
1173.0758002560576,0.14283414877951323
2489.255447806617,2.325260044406477e-19
1885.1085315809062,4.947765957861617e-12
2863.111451849784,0.00035571762449689774
3005.308066490147,0.0144353413865848
4.010389638427332,0.004122135100479983
44598.87192189421,9.402118699322661e-07
2711.524207045874,0.00038853490146132004
21.338347525337355,8.526956995100235e-07
68.00881809834132,0.021941387762391167
822.2318696781692,0.12721448013707995
1362.975650595985,4.135408742270216e-13
