js_div,kstest_pval
0.005784445615040393,6.838876861876016e-149
0.007056056320878793,6.838876861876016e-149
0.10969443860385196,4.725582056477317e-137
0.0936926411877966,1.038826204811813e-136
0.08847227948702431,2.8097892002045135e-133
0.09514640777324027,6.838876861876016e-149
0.0546418712520938,3.811098727902573e-128
0.04577342896640776,6.838876861876016e-149
0.058922287573283584,1.1777872542693248e-129
0.03953783088603227,1.1000284792694304e-127
0.06379822741544712,3.7348444030787805e-132
0.052497587560322426,1.829950814028192e-134
0.04071216710688326,6.838876861876016e-149
0.018759737582029215,1.829950814028192e-134
0.12633020397529676,6.194370481010995e-125
0.0047595622630293355,6.838876861876016e-149
0.004041385490660609,6.838876861876016e-149
0.005466382348599112,6.838876861876016e-149
0.012459810881696218,6.838876861876016e-149
0.04379172825814744,7.063232301940072e-120
0.006290111899207981,6.838876861876016e-149
0.016137426174441638,1.1777872542693248e-129
0.046781904066160195,6.838876861876016e-149
0.057051302688230596,1.1777872542693248e-129
0.004615060313854543,6.838876861876016e-149
0.01518848522861502,1.829950814028192e-134
0.025974489665867507,6.838876861876016e-149
0.017526536759757915,6.838876861876016e-149
0.03561876282151772,2.88949764896603e-110
0.02158743983380684,6.838876861876016e-149
0.07467591606037309,6.023925406119116e-130
0.05782232554007079,1.7763366249453785e-106
0.03555495449906168,8.985220798502727e-131
0.035217365212623246,1.73664750811712e-146
0.019103217743119665,6.838876861876016e-149
0.03538671572985006,6.838876861876016e-149
0.10798183004821317,2.0086217186143074e-126
0.024512152260334347,2.987249164226905e-127
0.10325144382235253,1.3980642216139527e-146
0.06040964849231357,6.838876861876016e-149
0.019248913350309368,1.73664750811712e-146
0.04459368389271308,6.838876861876016e-149
0.07615488667009335,8.302192890982322e-123
0.03878653004046478,3.9973614398874644e-114
0.004862742961720673,6.838876861876016e-149
0.09351328255851554,6.838876861876016e-149
0.010089179731968451,1.829950814028192e-134
0.0871114471234535,1.653363535181194e-138
0.024663232407936993,6.838876861876016e-149
0.021239665306998032,6.838876861876016e-149
