js_div,kstest_pval
0.14341051989826614,0.0
0.13297813624509805,0.0
0.13977128112894355,0.0
0.13807059570281985,0.0
0.13887081353868377,0.0
0.13107816318437604,0.0
0.14203309216911567,0.0
0.13770301880169808,0.0
0.137028748707281,0.0
0.1294567650840337,0.0
