kl_div,kstest_pval
22.58556389817215,0.00851085002142642
28.05259268850795,0.007059734964171904
15.211488311559242,9.72550793490382e-05
10.417003095913135,4.223803258562013e-06
15.728812203865767,0.0014947275947884387
27.13776792623488,0.0027583500356462764
3.3229231447504466,0.3344187681682591
3.453694594597033,0.36226361628477405
