kl_div,sj_div
0.00041301986291710364,0.00010334383930732087
0.0004016812521799996,0.00010024294267183369
0.0006435605007711728,0.00015858765940371242
0.0004423184495390826,0.00010820990374873279
0.0006487553549743767,0.00016158999844901174
0.00041768222715929946,0.00010502069992796054
0.0004025328566375657,0.00010038005502825119
0.0003648529893201753,9.129806563158389e-05
0.000411544516153564,0.00010237448843786389
0.00045615622220645483,0.00011100514230018415
