kl_div,kstest_pval
14.124158540704144,0.48172349228388356
6.131602423914,0.9020130728308697
1014.4307064056932,0.02222787419234843
26.19846002624613,0.9310668688382069
5.028870593516205,0.6060515374860568
673.1579954083076,0.05648834664214812
220.5393453117024,0.8029813027189856
41.15977588113052,0.834028596542763
201.99986436509298,0.22232422534511337
2.2219119197074866,0.8375627473077693
21.233314038879417,0.1498363343801304
2.036934206776332,0.7701328270625153
113.21725158391523,0.8940014159766723
13.715505325259532,0.26128613470030654
1.7767725514828125,0.9708205445947395
18.618524969605833,0.37753909199127306
281.4037478431459,0.7126965164436505
330.8677996042326,0.9483159679593435
344.43020678895635,0.2044095588720109
6.187464223076277,0.21894566003086294
62.405041654631894,0.9239917160801401
2.7003779831603674,0.6427054033373981
22.084862322061774,0.4121072308788928
25.166906011118066,0.33071497239303466
141.48314102714022,0.5833488502090419
2.0306779867237004,0.4986682645465475
148.60865081032605,0.8235341687797959
409.49085452314,0.8587142835194677
5.4951342528647205,0.619859834279171
966.4856776763357,0.7748465031705825
0.7566393021257294,0.9655740310659151
23.434371093489403,0.3223999456582049
2.9848852957077243,0.23345998427727216
65.67745034302652,0.7412383412736826
100.82903263119194,0.5522668908155972
81.37744505537839,0.572259838149551
6.919193074302581,0.17371576679483017
47.66248304419151,0.5079163781021648
323.8279241377676,0.8336053435137742
6269.438365204301,0.11505914395153845
452.2196688208228,0.33681055763832146
289.58781154534745,0.6461648107784672
797.8592023757477,0.3539827448249303
1.5449373392382422,0.5008985001484516
16087.163633941334,0.6469488112808269
1048.3829985930583,0.23571362954963834
5.419540948442661,0.5256480414812827
2.2220731474302875,0.5885964315748706
162.29296754408082,0.7808929349207099
54.83385808245116,0.6783983610791935
