js_div,kstest_pval
9.370183639880559e-05,0.24091783209209974
0.0074130862785756904,6.091621354001196e-07
0.00014070714900387739,0.8327420761547076
0.003386500228132222,2.0021638809527807e-06
0.00036037203438796564,0.35067737504359986
0.00018736032335787232,0.6083540282919664
0.00010577512082482468,0.9983088409648135
0.00010774334692810738,0.9126069012053211
0.00013472756092150785,0.4175870294825742
5.6498761324316076e-05,0.9967666208236297
7.903853372878583e-05,0.6635616604201711
1.8559639673070653e-05,0.9901347745238587
0.00014814187782020652,0.9995707880859014
2.6534618601414945e-05,0.97329452151881
2.3581612965266303e-05,0.987493793668238
0.0006869391593391247,0.9985233084058798
0.00011878958280916893,0.1819802377352102
4.023007884396673e-05,0.952864240697898
0.00011226381273930217,0.7232396512687546
0.0010852918101494189,0.44044894875321944
0.00010599747712160311,0.8786162309152321
0.0023531354507254805,0.0005481204480247757
8.657555749429188e-05,0.4338318704190537
2.7162014544444142e-05,0.9961601742292456
0.0005519924102063212,0.7232396512687546
1.7315606471466288e-05,0.9999210461494613
7.722696419426383e-05,0.9997644635947056
2.552814837735873e-05,0.9681679995453032
0.00026729307519653047,0.3415239831286337
0.0017943165351249047,5.754062871035665e-05
9.994018413338108e-05,0.8759434167245241
0.0032127066796556517,0.22032888387359328
7.48557236565397e-05,0.9802709400755205
0.00024821005438938515,0.9414540820489183
0.0001076266877513638,0.952864240697898
0.00014783012752289738,0.22032888387359328
8.968244326474742e-05,0.630727784900334
7.897884608687206e-05,0.9143862759968073
0.0028600153738018103,0.6831876587182709
9.800101008292499e-05,0.6147345734187861
9.760047906942644e-05,0.8798571575038296
0.0013113769259748935,0.6807583873323415
0.00044726411958973585,0.9127298395186295
7.651363917544919e-05,0.9293773653676036
0.0019580598415670026,0.6133629969696729
0.0075524044342955,3.800107931928046e-19
0.00021782823138480757,0.2858697605252679
7.66851848751466e-05,0.9885513147454724
0.0039018597157210386,0.0002360846829743507
0.00012869582532328203,0.8245316855822731
