js_div,kstest_pval
0.0832084944757169,2.4610125145124098e-05
0.08172622865958994,1.919309826637921e-06
0.0825539271786209,3.924752907723164e-05
0.07865315668239649,7.768795295673877e-07
0.08554623586521451,1.5677216796970427e-06
0.0818030256202588,4.239512666961638e-06
0.08026050262220866,1.8074013403359532e-06
0.0806569715765756,5.502577455612824e-06
0.08473244365964919,1.5542549059769361e-06
0.09170151341307684,6.51083321197608e-05
