kl_div,kstest_pval
1481.24947010686,0.0
1357.363452863501,0.0
1220.2950682054152,0.0
661.2866221365109,0.0
814.7927550654524,0.0
434.82440780282707,0.0
121.3108620290429,0.0
126.66733292588957,0.0
