kl_div,kstest_pval
30.73805453462662,0.0
33.5449010802943,0.0
17.124135676194463,0.0
17.17076560850206,0.0
19.026046793809403,0.0
24.7160559253878,0.0
16.8806083150804,0.0
17.775795708605344,0.0
15.71202174948039,0.0
17.562545724071033,0.0
