kl_div,kstest_pval
1.4934369302769148,0.06913382718790877
28.48657958588877,0.0008454642970789367
263.07108576702774,3.8568916462255536e-10
142.49866952675393,0.03457115478700416
7.594407156249251,3.500740157666137e-09
396.603878059551,1.5306841255371315e-05
242.23107550394488,0.03317804849897539
25.582987251422,0.05456740040448036
73.39972349164655,0.003582087410841453
1.5261915889373316,0.045943127752759425
2.016761574989602,0.028353061488165084
11.61664078206672,0.0001082768032138599
518.604810656568,0.4011233148855002
0.7789678505357523,0.10044936215904547
5.353872442549941,0.00699846844784551
2.434187893782048,0.014800376509095043
671.5258870077603,0.011126159329518631
249.43054937799056,0.02555770469750261
16.18428479362813,0.06913382718790877
1.7631892105217155,0.0004046776356094542
441.0632764787947,1.1040858900786881e-05
2.998983185128233,0.001601636512750407
2.5589848530029746,0.014800376509095043
4.599755562581887,0.14073859130749028
24.823508301527582,0.01619646866571496
0.48599319762230586,0.003304839453911483
317.4238414103721,0.010895447385008368
12059.583377539555,1.6055947543983392e-05
7.173375819494197,0.0001913181263226412
3764.5184522025293,0.006135702832638691
0.8607080841486511,0.060314242981172037
150.75965452829996,0.00028085123962606014
0.6034542100934388,0.0023445653531930836
149.84271106695635,0.0011305286782439749
1024.7012284431771,0.02555770469750261
149.00256348715635,0.011126159329518631
1.2485324280288408,0.006806217527603695
11.808968024301668,0.02184097386437612
2542.877621476577,0.0040330106211653345
1728.6910931543578,0.004500930858397606
189.9471551350841,0.08470691919267845
709.1717480865872,0.03647823992403706
8218.137074101647,0.027291511737785695
0.6301830153914703,0.06288889644471651
61662.163002892885,0.02555770469750261
563.2113978625987,0.0012008043638580732
11.012021987216604,1.1983037411747307e-09
5.731868668973815,0.0012008043638580732
595.1671870674664,0.10830131660344451
765.1016281880865,6.079408286669522e-06
