js_div,kstest_pval
0.03183773924698809,0.00851085002142642
0.03315624761918206,0.007059734964171904
0.03604053167517347,9.72550793490382e-05
0.04311841636317066,4.223803258562013e-06
0.03679109503360713,0.0014947275947884387
0.04127280053852678,0.0027583500356462764
0.03861666964546407,0.3344187681682591
0.03917779643140948,0.36226361628477405
