js_div,kstest_pval
0.08495344858874646,2.975049831360651e-07
0.09641531591560096,6.143861258657013e-06
0.08074957343166655,2.615872367012388e-07
0.09045395548747139,1.2244221037765594e-07
0.08834629664194231,2.7210479219747686e-07
0.08205360032161697,7.222125720851923e-07
0.10565805547898095,6.041689152761612e-07
0.09142348842617862,3.345138542053338e-07
0.08663525373176026,1.3636283181903005e-07
0.08655623678616971,3.742817530177555e-07
