js_div,kstest_pval
0.001558367530205763,7.519125680842631e-10
0.0007768973564434738,0.000695167157676517
0.0007362029542055239,0.0004254621289638995
0.0017453754740979054,0.052157977957804656
0.0011296186158532527,0.00019456965325495402
0.0012311175243214202,8.335049853922347e-05
0.026134784187235843,3.4993052346393664e-68
0.030012117906672124,4.64123530095166e-72
