kl_div,kstest_pval
0.21351097852576012,2.8870017857056845e-131
0.3698711014356634,1.9587366512637373e-132
0.17162295960372856,2.2998444560115817e-133
0.10086903375584533,1.1789267551003026e-135
0.05976218974604051,9.054016508861793e-135
0.11351111618966998,5.801384234297581e-132
0.10491425256301926,3.2094854999887714e-132
0.12802033673266977,2.286058684628721e-135
0.09156772708109207,6.1800376864650466e-136
0.06610123361108304,3.215683283528559e-135
0.07622922705386224,1.107725636620127e-132
0.06578479943850367,1.778654267993583e-136
0.0167786013558781,8.19399711129998e-139
0.14687501013467252,1.6238388975696728e-134
0.051862049591224736,3.782076707994554e-133
0.11033535723285577,2.9053525808794746e-142
0.0820519181406312,3.9686870273036095e-134
0.1388584375847105,3.2201278628606884e-132
0.10156088809973403,4.241585347124323e-133
0.035815774618090206,2.9190072550541156e-134
0.18859275366182898,2.728920381151498e-129
0.1405223490926339,4.2576748143590047e-131
0.12258037241157856,1.1289558088806223e-134
0.03982002659500992,2.2747701088682425e-132
0.13836114423521748,1.493200882645467e-133
0.06652379192057414,9.278969927681767e-137
0.11312615488427964,5.155932541175177e-135
0.1266817560781372,2.901263318637487e-130
0.04407645451130828,2.4586262218703465e-135
0.029106461185647237,4.1952410622752936e-133
