kl_div,kstest_pval
,0.0001240925469933349
,0.00018461454213817394
,0.00012441697046740294
,2.062905551352886e-05
,9.807268957629725e-05
,9.29331221844646e-05
,3.1862072978142193e-05
,3.3749950517932233e-06
,0.00015286182941318284
,3.4637255050809025e-05
