kl_div,kstest_pval
2.135349303210257,7.146665902568753e-11
2.9738431054647707,9.761814319879843e-13
0.8775555456105799,5.551316370544935e-08
0.32113881454962384,2.2931024281009175e-08
1.1202655436410305,1.4448839163141268e-06
3.346501178950928,3.725878840861943e-05
1.6894886391288808,2.1147530835034668e-155
1.8186111833125786,2.309373200831719e-140
