kl_div,kstest_pval
17.63302449616594,0.0015217401143476144
33.11258069474459,0.0015253292466282007
10.76392971039113,0.006687694326548311
6.419349820899352,0.009391629399539508
10.625378493073883,0.02567583741415382
21.104651782312548,0.019896870344242396
2.5140744476294823,1.5776322137111758e-05
2.7177707160929585,3.3136280060290165e-06
