kl_div,sj_div
0.004986991682273029,0.001159867747881016
0.010653024042759938,0.0023972130803683674
0.014658361699628345,0.0034950934074929794
0.01496048322561977,0.0032186109044336684
0.06448017458082488,0.01807729785173323
0.021960343074356493,0.005735302991399799
0.03567505142864376,0.00868294412271226
0.01645877796153236,0.003864157678674983
0.008084116335487734,0.0016623336210855762
0.009316151604687895,0.0019397689370695827
