js_div,kstest_pval
0.16056576830121477,0.0
0.17357803425745386,0.0
0.2084934844280603,0.0
0.13451367763275476,0.0
0.19235262767818512,0.0
0.18522936979349558,0.0
0.16687461937524117,0.0
0.16057377670299253,0.0
0.13705475940830544,0.0
0.08189287202525188,0.0
