kl_div,kstest_pval
71.95065523297906,0.321995526480633
416.2439548600711,0.12942556614722997
4902.190977266962,0.0003883555686167264
1693.9806200698476,0.0020592633221571594
31.81178431499229,0.0202137579766035
3577.473664252985,2.2514755399367738e-13
7879.749167064091,0.0008153581030334941
956.5048972021148,8.770728398362808e-07
720.6739337225423,0.11530073283094536
27.068274604688263,0.2602597757772559
62.88926611092758,0.033166351143074146
29.135244887306122,0.07305314261822579
7720.641574120158,0.09468653250224046
22.645481016003885,0.24947338782053885
48.53996051610627,0.35974445475282374
65.51552476399759,0.23182678544328233
4211.29365893879,0.08650827550112425
8470.05124655011,0.00014799480680331955
863.3480690584229,0.030137409890027354
43.101534427476544,0.07039958335772667
1582.3111558676062,0.027553715728898254
18.143096395900237,0.010336080138270887
71.75638951471052,5.1202626430756025e-05
72.03463210925733,0.04070959911249259
993.9365422643696,0.00020376508017705807
14.03150569746239,0.5497190058745584
1813.3730812320161,0.05078915276022622
9878.348673521416,0.1258528654575786
151.08115357394186,0.038540886490733076
25356.32397262685,0.017592075342361492
28.715211938485727,0.5199945603913212
386.4271068910587,8.657565238654361e-05
16.884073544185902,0.2567375720091626
853.5612558989633,0.053844606664580894
820.4133242503289,0.459036285970584
2372.4893092033753,3.159088985253164e-05
25.938487386762233,0.03625410159261751
559.9253066428771,7.142222045338285e-08
3132.240867204113,0.0007432582331543747
4941.39045566148,9.683266034129025e-06
2672.6320522401265,6.155921032095327e-06
4726.1772512904445,0.07324683188434623
5297.873566927198,0.12303259567118974
5.745590446291741,0.17932780319839525
95646.34146990946,0.003001017408123305
3649.7904606787415,0.046375318929281234
30.192995419878297,0.07011776062290923
89.25666408384471,0.08463299581270431
1943.4964592612378,0.038932498917441084
2209.8295009486374,1.1721033574643974e-09
