kl_div,sj_div
0.06865999729680668,0.018480139709318687
0.1022187110236841,0.0300474599602004
0.1006405932252484,0.0231052947156937
0.1035021706818984,0.0301380211730025
0.0899891100458477,0.0236605453427682
0.1086008397034461,0.0320818021294685
0.1072508511653552,0.0312686012147506
0.0982503698945416,0.0248569591993418
0.0854807776407011,0.0229960381110635
0.0744651275639445,0.0181676774850208
