kl_div,kstest_pval
1.3922704926633482,0.0
1.7143258294373354,5e-324
0.8397300447501376,5e-324
0.6403718204007843,0.0
0.5564017535468724,5e-324
0.5355623109056806,5e-324
0.41590916740005446,5e-324
0.4492724904905009,5e-324
0.2943090040383506,5e-324
0.3954198434859443,1e-323
